section_id,region_id,surface_type,existence,motor_lane_index,predicted_use,predicted_turns,evidence,binding
in_EB,r1,motor_vehicle_lane,supported,1,left_only,left,"Retain the motor-lane classification. The satellite shows a paved pocket immediately left of the inbound rail corridor, bounded by longitudinal paint and occupied by vehicles. Its separate upstream extent is not established in the street views.","The requested crop resolves a left-bending directional arrow inside r1, between the dashed boundary on its left and the rail corridor on its right. Left-only is a lane-use prediction from this single-direction marking, not confirmed legal exclusivity: no applicable ONLY marking is readable. The mid-view camera cross-section does not securely show this additional pocket."
in_EB,r2,shared_rail_motor_lane,supported,2,unknown,,"Retain shared rail/motor pavement. Satellite vehicles occupy the embedded-rail corridor. The mid street view shows embedded rails on paved roadway separated from the camera lane by broken white markings, rather than a physically segregated reservation.",The inbound rail pair immediately left of the mid-view camera corridor matches r2 through the rail–motor lane–green strip–curb ordering. Rail continuation does not establish motor turn permissions. Failure to identify rails in the older views does not demonstrate a spatial transition.
in_EB,r3,motor_vehicle_lane,supported,3,unknown,,Retain motor lane. Satellite and mid street view both show a full-width motor corridor between the inbound rails and the narrow green strip.,"The mid-view camera and utility truck lie between rails on the left and green pavement on the right, binding this corridor to r3. No readable lane-specific directional marking establishes through-only or shared movements."
in_EB,r4,bicycle_strip,supported,,unknown,,"Retain bicycle strip. The satellite crop confirms narrow green pavement inside the curbside motor corridor. The mid view preserves this ordering, while the older far view shows a narrow white-bordered strip with a faint bicycle marking.",Bound by r3 on its left and the curbside asphalt corridor on its right. The requested crop does not resolve a bicycle crossing or terminal movement marking. The older bicycle facility cannot establish unchanged stopbar continuity.
in_EB,r5,motor_vehicle_lane,supported,4,unknown,,"Retain motor lane, not parking or bicycle space. The satellite crop shows car-width asphalt running between the green strip and physical curb, with sidewalk beyond. Mid and far street views show the corresponding outer paved corridor. A stopped vehicle alone does not establish parking, and no parking stalls are identifiable within this region.","The green strip on the left and sidewalk curb on the right bind the crop to r5. A right-turn function is geometrically plausible, but the crop supplies no readable directional arrow or applicable restriction. A vehicle obscures the upper portion, and shadow crosses the exposed pavement. The curbside parking-restriction sign does not establish movement use."
in_NB,r1,motor_vehicle_lane,supported,1,unknown,,Retain the motor-lane classification. Satellite shows vehicle-occupied pavement immediately inside the yellow directional separator. Mid and far street views support an incoming motor lane on that side of the double yellow line.,The centerline-side position provides a provisional satellite-to-GSV correspondence. The requested near-view crop exposes only disconnected white marking fragments beside a vehicle; neither a complete directional arrow nor applicable ONLY text is resolved.
in_NB,r2,median_or_buffer,uncertain,,not_applicable,,"The painted-buffer interpretation remains plausible but is not securely established. The native satellite crop shows two longitudinal boundaries and a pale triangular feature attached to one boundary, without resolving a complete separator treatment. GSV queues and framing prevent an independent identification of this exact strip.","This is the satellite strip between r1 and r3. The crop does not establish that its triangular feature is a lane-use arrow, but it also does not justify treating the preliminary buffer classification as certain. No GSV motor lane can be confidently bound to this polygon."
in_NB,r3,motor_vehicle_lane,supported,2,unknown,,"Retain the motor-lane interpretation. Satellite shows a continuous car-width paved corridor between r2 and a broken white divider. GSV supports a multilane incoming roadway, although it does not independently expose this polygon's boundaries.",Bound principally by satellite ordering: immediately outside r2 and inside the vehicle-occupied r4 strip. Neither the crops nor the farther views provide a readable movement marking applicable to r3. Straight alignment is not evidence of through-only permission.
in_NB,r4,motor_vehicle_lane,supported,3,unknown,,Retain the motor-lane interpretation. Satellite vehicles occupy a marked paved strip inward of the curbside region. The street views show incoming traffic queues rather than evidence that this roadway is exclusively parking.,Satellite lane-divider and curb ordering identify r4 between r3 and r5. Individual GSV queues cannot be securely matched to this polygon. No readable arrow or applicable lane-use sign establishes its movements.
in_NB,r5,motor_vehicle_lane,supported,4,unknown,,"Retain the motor-lane classification. The satellite strip is car-width pavement extending to the actual curb, with sidewalk and landscaping outside it. No bicycle marking, parking stalls or parked vehicles are resolved within the strip. GSV supplies no spatially bound evidence requiring reclassification.","The curb return and landscaped sidewalk anchor the satellite region. A right-turn function is plausible, but the supplied views do not resolve an applicable arrow, ONLY marking, sign or sufficiently clear pocket transition. Curbside location alone does not establish dedicated permission."
in_SB,r1,motor_vehicle_lane,supported,1,left_only,left,"Retain the physical motor lane. Satellite vehicles occupy continuous roadway between longitudinal boundaries. The far-view crop resolves two marked motor-lane corridors on the centre side of the approach, consistent with r1 and r2 rather than parking or a buffer.","The farther-left bent pavement arrow belongs to the innermost of the two long-line-bounded corridors. Counting inward from the landscaped right kerb and three outer corridors provisionally binds this corridor to r1. The crop supports a left-turn-pocket interpretation, but no ONLY text is readable and queued vehicles interrupt tracing to the stopbar; dedicated use is a prediction, not confirmed legal permission."
in_SB,r2,motor_vehicle_lane,supported,2,left_only,left,"Retain the motor lane. The satellite strip is asphalt between adjacent vehicle corridors. The far crop shows a second full-width arrow-bearing corridor, not a bicycle strip or painted buffer.","The nearer/right-hand left arrow lies in the outer member of the two left-side corridors, inside the three lanes extending toward the right kerb. This ordering provisionally binds it to r2. Its unbranched left arrow and pocket boundaries support predicted dedicated left use, although ONLY text is not readable and downstream continuity is partly obscured."
in_SB,r3,motor_vehicle_lane,supported,3,unknown,,"Retain the motor lane. Satellite paint and an occupying dark vehicle establish roadway. In the mid view, a separate queued corridor lies between the two left-side corridors and the camera corridor.","Provisionally corresponds to the silver-hatchback corridor immediately left of the mid-view camera lane, with two further corridors toward the centre side. The satellite crop does not resolve a directional marking. Neither queue alignment nor position outside the left-turn pockets establishes through-only use."
in_SB,r4,motor_vehicle_lane,supported,4,unknown,,Retain the motor lane. Satellite pavement forms a full-width corridor inside the kerbside strip. Far and mid views show the corresponding penultimate motor corridor with lane separators.,"Provisionally the far/mid camera corridor, one lane inward from the raised right kerb, occupied by the nearest white sedan in the mid view. The portable sign beside it is a temporary obstacle-passing/channelization graphic, not a bound permanent turn instruction. No readable pavement instruction establishes this lane's movements."
in_SB,r5,motor_vehicle_lane,supported,5,unknown,,"Retain the kerbside motor lane, excluding unsupported parts of the polygon flare. Satellite imagery shows a vehicle on asphalt beside the sidewalk. Far and mid views show car-width pavement outside the camera corridor extending to the raised kerb, without resolved bicycle markings, parking stalls or parked-car treatment. The lower-right polygon extends toward sidewalk and shadow and is not entirely lane pavement.","Correspondence follows the outer lane separator, landscaped sidewalk and rounded intersection corner. A right-turn role is plausible, but neither crop resolves an applicable permanent right-turn instruction. Temporary devices constrain the visible corridor without proving its closure or permanent use. Cross-street green surfacing is not an incoming bicycle strip."
in_WB,r1,motor_vehicle_lane,supported,1,unknown,,"Retained. Satellite shows an asphalt pocket with a left-turn arrow, between the central separation and the incoming rail-bearing lane. The mid-view separator and rail ordering are consistent with this pocket.","The native crop binds a left-pointing arrow directly to r1. It does not resolve an applicable ONLY marking or conclusively exclude another arrow branch. Left-turn use is evidenced, but the complete movement set and dedicated status remain unresolved; the preliminary left_only prediction is withdrawn."
in_WB,r2,shared_rail_motor_lane,supported,2,unknown,,"Revised from the audit's unknown class. Joint evidence supports this narrow polygon as the left margin of a wider embedded-rail motor lane, rather than an independent lane or raised buffer.","r2-r4 jointly correspond to the paved rail-bearing lane between the left pocket and r5. The correspondence uses the track band and adjacent longitudinal divider, not vehicle heading. Neither crop establishes movement restrictions for this lane."
in_WB,r3,shared_rail_motor_lane,supported,3,unknown,,"Revised from unknown. The satellite pale band corresponds to embedded track pavement within the carriageway. Mid and far views support rails, rather than a raised separator, at this position.","The band lies between r1 and the divider bordering r5, matching the incoming track alignment. It is the central portion of the same physical lane as r2 and r4. Track continuation does not establish motor-vehicle permissions."
in_WB,r4,shared_rail_motor_lane,supported,4,unknown,,"Refined from motor_vehicle_lane. This polygon covers the right paved margin of the rail-bearing lane, not a separate narrow lane.","The satellite track-to-divider ordering matches the mid-view pavement between the right rail and the broken divider adjoining r5. r2-r4 must be counted together. The overhead crop supplies no readable, lane-bound restriction."
in_WB,r5,motor_vehicle_lane,supported,5,unknown,,Retained. Satellite and street views show motor-width pavement between the rail lane's divider and the narrow bicycle strip.,"The rail lane, broken divider, general lane and green-strip sequence binds r5 across sources. No readable arrow or applicable sign establishes its movement set. Straight alignment alone is insufficient."
in_WB,r6,bicycle_strip,supported,,unknown,,"Retained. Narrow white-bounded pavement with green treatment occupies the same position between r5 and kerbside pavement in satellite, mid and near views.","The far-view forward arrow is within the upstream narrow bicycle facility, not either neighboring motor lane. Continuity toward the green approach strip is supported, but the arrow does not establish a complete stopbar movement set."
in_WB,r7,motor_vehicle_lane,supported,6,unknown,,"Revised from parking. Mid and near views show car-width pavement outside the bicycle strip extending to the corner kerb, without visible parking stalls or parked vehicles in that immediate approach section. The bicycle strip, sidewalk and corner geometry support correspondence with r7; satellite vehicle occupancy alone does not establish parking.","A right-turn pocket is the leading geometric interpretation, but no readable movement arrow or applicable restriction establishes dedicated use. The preliminary right_only prediction is therefore left unresolved. Far-view marked parking is upstream; its exact transition into this approach lane and the bicycle crossing into the pocket are not fully visible."
out_EB,r1,shared_rail_motor_lane,supported,1,,,"Paved strip immediately inside the center-side painted separation, continuous with the rail-bearing carriageway. It appears to cover the left margin of a shared rail/motor lane, not an independent lane or a raised median.",
out_EB,r2,shared_rail_motor_lane,supported,2,,,The candidate follows the paved track slab between longitudinal rails. This is part of the rail-bearing carriageway rather than a separate narrow motor lane; shared use is inferred from the surrounding carriageway layout.,
out_EB,r3,shared_rail_motor_lane,supported,3,,,Pavement between the outer rail and the dashed motor-lane divider supports the outer margin of the same shared rail/motor lane. The proposed boundary does not establish an additional lane.,
out_EB,r4,motor_vehicle_lane,supported,4,,,Continuous asphalt lies between the dashed divider beside the rail-bearing lane and the solid boundary of the green bicycle strip. Pole and building shadows obscure patches but do not interrupt the physical roadway.,
out_EB,r5,bicycle_strip,supported,,,,A narrow green-painted strip bounded by longitudinal white lines continues toward the intersection. The supplemental street view corroborates a bicycle strip with a curbside paved strip outside it; no lane ordinals are transferred between views.,
out_EB,r6,shoulder_or_parking,rejected,,,,"The exposed portion is a curbside paved shoulder/parking strip outside the bicycle strip, not an additional through travel lane. The curb curves into the proposed rectangle near the intersection, so part of the hypothesis also overlaps sidewalk. Shadows limit exact delineation; legal parking permission is unknown.",
out_NB,r1,motor_vehicle_lane,supported,1,,,Continuous asphalt extends upward from the intersection. Longitudinal paint on the right and the painted center-side separation on the left support a travel lane. A vehicle partly obscures its intersection end; the region does not extend onto the sidewalk.,
out_NB,r2,motor_vehicle_lane,supported,2,,,"The proposed strip lies on roadway asphalt between visible longitudinal paint traces. Its surface continues through the receiving section, without a curb, pavers, vegetation or other non-road boundary crossing it. The vehicle farther upward is corroborating evidence, not the basis for identifying pavement.",
out_NB,r3,motor_vehicle_lane,supported,3,,,"Asphalt continues between the inner longitudinal marking and the actual curb adjoining the pale sidewalk. The curb follows the outer edge rather than cutting across most of this hypothesis. A structural shadow obscures a short portion near the intersection, but pavement is visible on both sides of it. This supports a curbside motor travel lane; exact operating restrictions are not established.",
out_SB,r1,motor_vehicle_lane,supported,1,,,Continuous asphalt lies immediately beside the longitudinal center separation. A dashed white divider separates this strip from the next strip to its right. Its connection to the intersection supports a motor travel lane rather than a median or paved buffer.,
out_SB,r2,motor_vehicle_lane,supported,2,,,"The region occupies continuous roadway asphalt between longitudinal white lane divisions. A clearly visible white vehicle partly obscures the pavement; the lane classification is supported by pavement and marking continuity, not solely by the vehicle.",
out_SB,r3,motor_vehicle_lane,supported,3,,,"The outer strip is asphalt on the roadway side of the curb, with a longitudinal white divider on its inner side. The pale sidewalk, frontage paving and vegetation remain outside the visible road edge. Shadow and vegetation obscure part of the intersection-end edge, so the proposed polygon is not treated as an exact curb boundary. Continuity supports an outer motor travel lane.",
out_WB,r1,motor_vehicle_lane,supported,1,,,"The narrow candidate overlaps asphalt on the carriageway side of the central separation, beside a longitudinal dashed white line. It supports motor-road surface, but its proposed boundaries do not establish a complete, independent lane.",
out_WB,r2,motor_vehicle_lane,supported,2,,,Continuous asphalt lies between the dashed motor-lane divider and the solid boundary of the green bicycle strip. It continues away from the intersection without a curb or landscape interruption.,
out_WB,r3,bicycle_strip,supported,,,,A narrow longitudinal strip has green surface treatment near the intersection and solid white lateral boundaries. Its continuity supports a bicycle facility; no directional arrow is reliably readable.,
out_WB,r4,shoulder_or_parking,rejected,,,,"This is paved curbside space outside the bicycle strip, not vegetation or sidewalk. The actual curb separates it from the pale sidewalk and landscaping farther right. Its position and continuity support a shoulder/parking strip rather than a separate through-travel facility; parking permission is not established.",
