from_direction,turn,to_direction,in_region_id,out_region_id,ib_lane,ob_lane,review_status,auto_apply,flags,reason
NB,left,WB,r1,r1,1,1,needs_review,False,,"The full satellite image shows upstream left-curving pavement arrows on the center-side approach, including one approximately along r1's continuation. Together with r1's center-side position, this supports a provisional left-turn hypothesis beyond the crop-based unknown-use prediction. Its exact continuity to the stopbar remains uncertain; the near GSV marking is incomplete and vehicle-occluded. WB r1 covers only a narrow motor-road margin, whereas r2 covers a more substantial motor corridor, so the landing region is not uniquely resolved. The neighboring upstream arrow does not authorize using in_NB:r2: that polygon remains endpoint-ineligible. No exclusive left-turn use or legal permission is confirmed."
NB,left,WB,r1,r2,1,2,needs_review,False,,"The full satellite image shows upstream left-curving pavement arrows on the center-side approach, including one approximately along r1's continuation. Together with r1's center-side position, this supports a provisional left-turn hypothesis beyond the crop-based unknown-use prediction. Its exact continuity to the stopbar remains uncertain; the near GSV marking is incomplete and vehicle-occluded. WB r1 covers only a narrow motor-road margin, whereas r2 covers a more substantial motor corridor, so the landing region is not uniquely resolved. The neighboring upstream arrow does not authorize using in_NB:r2: that polygon remains endpoint-ineligible. No exclusive left-turn use or legal permission is confirmed."
NB,through,NB,r3,r1,2,1,needs_review,False,,"The full satellite context places r3 and r4 opposite the supported interior NB receiving corridors r1 and r2. These are physical connectivity candidates, not observed trajectories or through-only assignments. GSV intersection guide fragments cannot be traced securely to individual incoming polygons, and queues obscure their boundaries. The model's unknown lane uses therefore remain unknown. Although curbside r5 also faces receiving pavement, alignment alone does not establish shared through/right use; no r5 through pair is proposed on that basis."
NB,through,NB,r4,r2,3,2,needs_review,False,,"The full satellite context places r3 and r4 opposite the supported interior NB receiving corridors r1 and r2. These are physical connectivity candidates, not observed trajectories or through-only assignments. GSV intersection guide fragments cannot be traced securely to individual incoming polygons, and queues obscure their boundaries. The model's unknown lane uses therefore remain unknown. Although curbside r5 also faces receiving pavement, alignment alone does not establish shared through/right use; no r5 through pair is proposed on that basis."
NB,right,EB,r5,r4,4,4,needs_review,False,,"The curb return and supported motor pavement provide a plausible right-turn connection from r5 to EB r4, inward of the bicycle facility. Neither the approach position nor the corner establishes right-only or shared use, so this does not replace the model's unknown lane-use value with confirmed permission. EB r5 is a bicycle strip and r6 is rejected as a motor travel endpoint. EB r1–r3 subdivide one rail-bearing band; they are not three additional receiving lanes and are unnecessary for this conservative outer-lane hypothesis. No readable, spatially assigned sign restricts this pair."
EB,left,NB,r1,r1,1,1,needs_review,False,gsv_capture_date_mismatch,"The satellite shows a left-bending marking in the motor pocket immediately left of the inbound rails, consistent with the grounded r1 left-only prediction. A turn into supported out_NB r1 is plausible across the intersection. The destination pairing is inferred, not an observed vehicle trajectory or confirmed lane-assignment rule. No readable ONLY text establishes legal exclusivity. Blurred older GSV pavement does not contradict the satellite marking. No additional left-turn source or fan-out to other NB regions is established."
EB,through,EB,r2,r2,2,2,needs_review,False,gsv_capture_date_mismatch,"The full satellite context shows the vehicle-bearing rail corridor continuing across the intersection and an adjacent motor corridor continuing between the rails and bicycle facility. These support candidate r2-to-r2 and r3-to-r4 paths. Physical motor-use evidence, not rails alone, supports the rail-corridor hypothesis. The grounded predictions for incoming r2 and r3 remain unknown as to permission: these candidates do not reclassify them as through-only or shared-turn lanes. No through path is proposed from the left-marked r1 or curbside r5. In particular, rejected out_EB r6 cannot supply an outer receiving lane, and a speculative merge from r5 is not established."
EB,through,EB,r3,r4,3,4,needs_review,False,gsv_capture_date_mismatch,"The full satellite context shows the vehicle-bearing rail corridor continuing across the intersection and an adjacent motor corridor continuing between the rails and bicycle facility. These support candidate r2-to-r2 and r3-to-r4 paths. Physical motor-use evidence, not rails alone, supports the rail-corridor hypothesis. The grounded predictions for incoming r2 and r3 remain unknown as to permission: these candidates do not reclassify them as through-only or shared-turn lanes. No through path is proposed from the left-marked r1 or curbside r5. In particular, rejected out_EB r6 cannot supply an outer receiving lane, and a speculative merge from r5 is not established."
EB,right,SB,r5,r3,4,3,needs_review,False,gsv_capture_date_mismatch,"Incoming r5 is supported motor pavement outside the green bicycle strip, not sidewalk or assumed parking. Its corner position supports a tentative right-turn path into the supported outer SB region r3. No readable right-turn arrow establishes this movement, and vehicle occlusion and shadow limit terminal inspection. This is a geometric movement hypothesis, not a change from the model's unknown lane-use prediction to right-only. The absence of an eligible outer EB receiving lane does not itself prove a mandatory right turn. There is insufficient evidence to add a right turn from r3 or infer shared through/right use. The crossed-out P sign concerns parking, not turning."
SB,left,EB,r1,r2,1,2,needs_review,False,,"The grounded crop audit reports two unbranched left arrows within the two centre-side bounded corridors, supporting the model's predicted left-turn role. Its more specific interpretation strengthens the broader far-context observations, which initially left arrow identity and approach assignment uncertain. Vehicles prevent complete tracing to the stopbar, and no readable ONLY instruction confirms exclusivity. The inner turn is proposed into the supported rail/motor band and the outer turn into the adjacent asphalt lane. Exact trajectories and legal access remain inferred; no additional through use is assigned to these two approach regions merely from alignment."
SB,left,EB,r2,r4,2,4,needs_review,False,,"The grounded crop audit reports two unbranched left arrows within the two centre-side bounded corridors, supporting the model's predicted left-turn role. Its more specific interpretation strengthens the broader far-context observations, which initially left arrow identity and approach assignment uncertain. Vehicles prevent complete tracing to the stopbar, and no readable ONLY instruction confirms exclusivity. The inner turn is proposed into the supported rail/motor band and the outer turn into the adjacent asphalt lane. Exact trajectories and legal access remain inferred; no additional through use is assigned to these two approach regions merely from alignment."
SB,through,SB,r3,r1,3,1,needs_review,False,,"The full intersection layout, supported receiving lanes, and longitudinal approach corridors support tentative interior through paths. These are geometric movement hypotheses, not revisions to the model's unknown lane-use classifications or claims of through-only permission. No readable through arrows establish their use. Although r5 is also geometrically aligned with out_SB r3, that alone does not establish shared through/right use; its through movement remains unresolved and is not included. The portable panel near r4 does not establish a permanent turn restriction."
SB,through,SB,r4,r2,4,2,needs_review,False,,"The full intersection layout, supported receiving lanes, and longitudinal approach corridors support tentative interior through paths. These are geometric movement hypotheses, not revisions to the model's unknown lane-use classifications or claims of through-only permission. No readable through arrows establish their use. Although r5 is also geometrically aligned with out_SB r3, that alone does not establish shared through/right use; its through movement remains unresolved and is not included. The portable panel near r4 does not establish a permanent turn restriction."
SB,right,WB,r5,r2,5,2,needs_review,False,,The kerbside motor corridor reaches the rounded corner and supports a plausible right-turn path into out_WB r2. This adds a candidate hypothesis without changing the model's unknown use to right-only or shared use. Neither a permanent applicable right-turn instruction nor closure is established. The unsupported sidewalk/shadow flare of in_SB r5 is excluded. out_WB r3 is a bicycle strip and r4 is rejected as a travel endpoint; neither is used. No second right-turn lane is supported.
WB,left,SB,r1,r1,1,1,needs_review,False,,"The satellite left-pointing arrow is directly bound to the WB center-side pocket r1. The full intersection context supports a leftward connection into the SB carriageway, with out_SB:r1 the conservative center-side receiving candidate. The arrow supports proposing left use despite the model's unknown complete movement set; it does not establish left-only use. No additional left-turn lane or shared through use is inferred from alignment, and no alternative SB receiving lanes are asserted."
WB,through,WB,r5,r2,5,2,needs_review,False,,"The approach r5 and receiving r2 occupy corresponding general-roadway corridors inside their bicycle strips, with continuous receiving asphalt and longitudinal boundary evidence. This supports a low-confidence through candidate, but no readable motor-lane through arrow or applicable sign confirms it. The far-view forward arrow belongs to the bicycle facility and supplies no motor permission. The rail-bearing approach r2-r4 is one physical lane, not three: its motor through connection remains unresolved because rail continuation does not establish motor permission, and out_WB:r1 is only partial roadway coverage rather than a securely delineated complete receiving lane. No through use is added to the arrow-bearing left pocket or curbside pocket merely because a path can be drawn. The model's unknown lane-use classification therefore remains appropriate even with this provisional pair."
WB,right,NB,r7,r3,6,3,needs_review,False,,"The immediate approach has car-width pavement outside the bicycle strip extending toward the curving corner curb, supporting a right-turn-pocket hypothesis into the supported curbside NB roadway. This is stronger than treating satellite vehicle occupancy alone as parking evidence. However, the upstream parking-to-pocket transition and bicycle crossing are incompletely visible, and no readable right arrow or lane-bound restriction establishes right-only use. The candidate does not replace the model's unknown movement set with a confirmed restriction. No right turn from r5 across the intervening bicycle facility and r7 is proposed without additional evidence."
