name,link_id,osm_way_id,from_node_id,to_node_id,dir_flag,length,lanes,free_speed,capacity,link_type_name,link_type,geometry,allowed_uses,from_biway,is_link,VDF_fftt1,VDF_cap1
East Vista del Cerro Drive,567,5592994,430,431,1,335.02,1,40.0,,,6,"LINESTRING (-111.9301254 33.4104444, -111.9296969 33.4104461, -111.9265223 33.4104547)",auto,0,0,,
East Vista del Cerro Drive,568,5592994,431,430,1,335.02,1,40.0,,,6,"LINESTRING (-111.9265223 33.4104547, -111.9296969 33.4104461, -111.9301254 33.4104444)",auto,0,0,,
East Jen Tilly Lane,591,5593228,451,452,1,95.22,1,40.0,,,6,"LINESTRING (-111.9242764 33.4118974, -111.9237971 33.4118946, -111.9236321 33.4118936, -111.9233150 33.4118918, -111.9232523 33.4118914)",auto,0,0,,
East Jen Tilly Lane,592,5593228,452,451,1,95.22,1,40.0,,,6,"LINESTRING (-111.9232523 33.4118914, -111.9233150 33.4118918, -111.9236321 33.4118936, -111.9237971 33.4118946, -111.9242764 33.4118974)",auto,0,0,,
East 15th Street,1069,5600077,781,782,1,391.89,1,40.0,,,6,"LINESTRING (-111.9349297 33.4119783, -111.9348429 33.4119797, -111.9348272 33.4119800, -111.9341669 33.4119912, -111.9316890 33.4120295, -111.9307156 33.4120396)",auto,0,0,,
East 15th Street,1072,5600077,782,781,1,391.89,1,40.0,,,6,"LINESTRING (-111.9307156 33.4120396, -111.9316890 33.4120295, -111.9341669 33.4119912, -111.9348272 33.4119800, -111.9348429 33.4119797, -111.9349297 33.4119783)",auto,0,0,,
South Terrace Road,1130,5600278,811,812,1,62.49,1,40.0,,,6,"LINESTRING (-111.9209650 33.4128734, -111.9209632 33.4128097, -111.9209524 33.4124279, -111.9209490 33.4123100)",auto,0,0,,
South Terrace Road,1131,5600278,812,813,1,69.12,1,40.0,,,6,"LINESTRING (-111.9209490 33.4123100, -111.9209422 33.4116865)",auto,0,0,,
South Terrace Road,1133,5600278,812,811,1,62.49,1,40.0,,,6,"LINESTRING (-111.9209490 33.4123100, -111.9209524 33.4124279, -111.9209632 33.4128097, -111.9209650 33.4128734)",auto,0,0,,
South Terrace Road,1134,5600278,813,812,1,69.12,1,40.0,,,6,"LINESTRING (-111.9209422 33.4116865, -111.9209490 33.4123100)",auto,0,0,,
South Granada Drive,1309,5601909,924,925,1,77.3,1,40.0,,,6,"LINESTRING (-111.9283830 33.4097445, -111.9283787 33.4093906, -111.9283745 33.4090473)",auto,0,0,,
South Granada Drive,1310,5601909,925,924,1,77.3,1,40.0,,,6,"LINESTRING (-111.9283745 33.4090473, -111.9283787 33.4093906, -111.9283830 33.4097445)",auto,0,0,,
South Rita Lane,2402,5613884,1604,1605,1,170.44,1,40.0,,,6,"LINESTRING (-111.9219900 33.4128709, -111.9219903 33.4128253, -111.9219894 33.4115989, -111.9219878 33.4113336)",auto,0,0,,
South Rita Lane,2403,5613884,1605,1604,1,170.44,1,40.0,,,6,"LINESTRING (-111.9219878 33.4113336, -111.9219894 33.4115989, -111.9219903 33.4128253, -111.9219900 33.4128709)",auto,0,0,,
East Encanto Drive,2838,5619185,1875,924,1,80.53,1,40.0,,,6,"LINESTRING (-111.9292490 33.4097398, -111.9287710 33.4097424, -111.9283830 33.4097445)",auto,0,0,,
East Encanto Drive,2839,5619185,924,1876,1,174.92,1,40.0,,,6,"LINESTRING (-111.9283830 33.4097445, -111.9277730 33.4097478, -111.9268930 33.4097526, -111.9265017 33.4097547)",auto,0,0,,
East Encanto Drive,2842,5619185,924,1875,1,80.53,1,40.0,,,6,"LINESTRING (-111.9283830 33.4097445, -111.9287710 33.4097424, -111.9292490 33.4097398)",auto,0,0,,
East Encanto Drive,2843,5619185,1876,924,1,174.92,1,40.0,,,6,"LINESTRING (-111.9265017 33.4097547, -111.9268930 33.4097526, -111.9277730 33.4097478, -111.9283830 33.4097445)",auto,0,0,,
South McAllister Avenue,3180,5624529,2067,2068,1,170.55,1,40.0,,,5,"LINESTRING (-111.9288523 33.4180544, -111.9288521 33.4177470, -111.9288571 33.4176455, -111.9288750 33.4175250, -111.9288928 33.4174421, -111.9289101 33.4173761, -111.9289519 33.4172679, -111.9290111 33.4171412, -111.9290658 33.4170466, -111.9291629 33.4169067, -111.9292484 33.4168041, -111.9292630 33.4167865, -111.9294120 33.4166399)",auto,0,0,,
South McAllister Avenue,3181,5624529,2068,2067,1,170.55,1,40.0,,,5,"LINESTRING (-111.9294120 33.4166399, -111.9292630 33.4167865, -111.9292484 33.4168041, -111.9291629 33.4169067, -111.9290658 33.4170466, -111.9290111 33.4171412, -111.9289519 33.4172679, -111.9289101 33.4173761, -111.9288928 33.4174421, -111.9288750 33.4175250, -111.9288571 33.4176455, -111.9288521 33.4177470, -111.9288523 33.4180544)",auto,0,0,,
South Ventura Drive,3433,5628210,430,1877,1,78.64,1,40.0,,,6,"LINESTRING (-111.9301254 33.4104444, -111.9301168 33.4097351)",auto,0,0,,
South Ventura Drive,3440,5628210,1877,430,1,78.64,1,40.0,,,6,"LINESTRING (-111.9301168 33.4097351, -111.9301254 33.4104444)",auto,0,0,,
South Newberry Lane,3737,5631095,2350,2351,1,168.66,1,40.0,,,6,"LINESTRING (-111.9203406 33.4128750, -111.9203385 33.4128104, -111.9203304 33.4114074, -111.9203305 33.4113537)",auto,0,0,,
South Newberry Lane,3738,5631095,2351,2350,1,168.66,1,40.0,,,6,"LINESTRING (-111.9203305 33.4113537, -111.9203304 33.4114074, -111.9203385 33.4128104, -111.9203406 33.4128750)",auto,0,0,,
South Bonarden Lane,3759,5631352,2363,2364,1,195.38,1,40.0,,,6,"LINESTRING (-111.9225910 33.4128699, -111.9225906 33.4128248, -111.9225749 33.4111705, -111.9225740 33.4111077)",auto,0,0,,
South Bonarden Lane,3760,5631352,2364,2363,1,195.38,1,40.0,,,6,"LINESTRING (-111.9225740 33.4111077, -111.9225749 33.4111705, -111.9225906 33.4128248, -111.9225910 33.4128699)",auto,0,0,,
East Spence Avenue,4668,5641525,2350,2287,1,86.9,1,40.0,,,6,"LINESTRING (-111.9203406 33.4128750, -111.9194060 33.4128773)",auto,0,0,,
East Spence Avenue,4669,5641525,2818,2350,1,8.13,1,40.0,,,6,"LINESTRING (-111.9204280 33.4128747, -111.9203406 33.4128750)",auto,0,0,,
East Spence Avenue,4670,5641525,1604,811,1,95.3,1,40.0,,,6,"LINESTRING (-111.9219900 33.4128709, -111.9218220 33.4128713, -111.9215278 33.4128720, -111.9210840 33.4128731, -111.9209650 33.4128734)",auto,0,0,,
East Spence Avenue,4671,5641525,2363,1604,1,55.88,1,40.0,,,6,"LINESTRING (-111.9225910 33.4128699, -111.9220742 33.4128709, -111.9219900 33.4128709)",auto,0,0,,
East Spence Avenue,4672,5641525,2819,2363,1,61.98,1,40.0,,,6,"LINESTRING (-111.9232576 33.4128738, -111.9228700 33.4128709, -111.9225910 33.4128699)",auto,0,0,,
East Spence Avenue,4673,5641525,2820,2819,1,238.69,1,40.0,,,6,"LINESTRING (-111.9258245 33.4128823, -111.9253379 33.4128799, -111.9251549 33.4128723, -111.9249900 33.4128728, -111.9239695 33.4128764, -111.9238554 33.4128747, -111.9234186 33.4128740, -111.9232576 33.4128738)",auto,0,0,,
East Spence Avenue,4674,5641525,811,2818,1,49.93,1,40.0,,,6,"LINESTRING (-111.9209650 33.4128734, -111.9204280 33.4128747)",auto,0,0,,
East Spence Avenue,4677,5641525,2287,2350,1,86.9,1,40.0,,,6,"LINESTRING (-111.9194060 33.4128773, -111.9203406 33.4128750)",auto,0,0,,
East Spence Avenue,4678,5641525,2350,2818,1,8.13,1,40.0,,,6,"LINESTRING (-111.9203406 33.4128750, -111.9204280 33.4128747)",auto,0,0,,
East Spence Avenue,4679,5641525,2818,811,1,49.93,1,40.0,,,6,"LINESTRING (-111.9204280 33.4128747, -111.9209650 33.4128734)",auto,0,0,,
East Spence Avenue,4680,5641525,811,1604,1,95.3,1,40.0,,,6,"LINESTRING (-111.9209650 33.4128734, -111.9210840 33.4128731, -111.9215278 33.4128720, -111.9218220 33.4128713, -111.9219900 33.4128709)",auto,0,0,,
East Spence Avenue,4681,5641525,1604,2363,1,55.88,1,40.0,,,6,"LINESTRING (-111.9219900 33.4128709, -111.9220742 33.4128709, -111.9225910 33.4128699)",auto,0,0,,
East Spence Avenue,4682,5641525,2363,2819,1,61.98,1,40.0,,,6,"LINESTRING (-111.9225910 33.4128699, -111.9228700 33.4128709, -111.9232576 33.4128738)",auto,0,0,,
East Spence Avenue,4683,5641525,2819,2820,1,238.69,1,40.0,,,6,"LINESTRING (-111.9232576 33.4128738, -111.9234186 33.4128740, -111.9238554 33.4128747, -111.9239695 33.4128764, -111.9249900 33.4128728, -111.9251549 33.4128723, -111.9253379 33.4128799, -111.9258245 33.4128823)",auto,0,0,,
South Jentilly Lane,4855,5644707,452,2896,1,74.53,1,40.0,,,6,"LINESTRING (-111.9232523 33.4118914, -111.9232523 33.4113613, -111.9232571 33.4112193)",auto,0,0,,
South Jentilly Lane,4856,5644707,2819,452,1,108.91,1,40.0,,,6,"LINESTRING (-111.9232576 33.4128738, -111.9232569 33.4128187, -111.9232566 33.4124741, -111.9232523 33.4118914)",auto,0,0,,
South Jentilly Lane,4857,5644707,2896,452,1,74.53,1,40.0,,,6,"LINESTRING (-111.9232571 33.4112193, -111.9232523 33.4113613, -111.9232523 33.4118914)",auto,0,0,,
South Jentilly Lane,4858,5644707,452,2819,1,108.91,1,40.0,,,6,"LINESTRING (-111.9232523 33.4118914, -111.9232566 33.4124741, -111.9232569 33.4128187, -111.9232576 33.4128738)",auto,0,0,,
South Terrace Road,8724,28891397,2818,7857,1,202.14,1,40.0,,,6,"LINESTRING (-111.9204280 33.4128747, -111.9204285 33.4129252, -111.9204333 33.4133486, -111.9204337 33.4134181, -111.9204368 33.4136624, -111.9204409 33.4140656, -111.9204416 33.4141191, -111.9204452 33.4144085, -111.9204451 33.4144181, -111.9204459 33.4145011, -111.9204425 33.4145116, -111.9204458 33.4146128, -111.9204498 33.4146974, -111.9204036 33.4148200)",auto,0,0,,
South Terrace Road,8725,28891397,7857,2818,1,202.14,1,40.0,,,6,"LINESTRING (-111.9204036 33.4148200, -111.9204498 33.4146974, -111.9204458 33.4146128, -111.9204425 33.4145116, -111.9204459 33.4145011, -111.9204451 33.4144181, -111.9204452 33.4144085, -111.9204416 33.4141191, -111.9204409 33.4140656, -111.9204368 33.4136624, -111.9204337 33.4134181, -111.9204333 33.4133486, -111.9204285 33.4129252, -111.9204280 33.4128747)",auto,0,0,,
East Apache Boulevard,8974,30031285,7857,4648,1,91.78,2,56.0,,,3,"LINESTRING (-111.9204036 33.4148200, -111.9205139 33.4148773, -111.9207070 33.4148623, -111.9209491 33.4148516, -111.9213430 33.4148441, -111.9214997 33.4148411)",auto,0,0,,
East Apache Boulevard,8975,30031286,7735,4650,1,336.01,2,56.0,,,3,"LINESTRING (-111.9262920 33.4146937, -111.9261035 33.4146985, -111.9255240 33.4147028, -111.9253642 33.4147041, -111.9251412 33.4147062, -111.9250329 33.4147073, -111.9243591 33.4147144, -111.9237731 33.4147156, -111.9234869 33.4147174, -111.9230209 33.4147167, -111.9228189 33.4147158, -111.9226783 33.4147140)",auto,0,0,,
South McAllister Avenue,8976,30031291,7789,4652,1,350.56,1,40.0,,,6,"LINESTRING (-111.9306650 33.4146657, -111.9306655 33.4145974, -111.9306656 33.4140941, -111.9306575 33.4139710, -111.9306450 33.4138920, -111.9306250 33.4138006, -111.9305783 33.4136333, -111.9305676 33.4135599, -111.9305606 33.4135119, -111.9305564 33.4127981, -111.9305559 33.4127105, -111.9305555 33.4126287, -111.9305503 33.4115364, -111.9305440 33.4115122)",auto,0,0,,
South McAllister Avenue,8977,30031291,4652,7789,1,350.56,1,40.0,,,6,"LINESTRING (-111.9305440 33.4115122, -111.9305503 33.4115364, -111.9305555 33.4126287, -111.9305559 33.4127105, -111.9305564 33.4127981, -111.9305606 33.4135119, -111.9305676 33.4135599, -111.9305783 33.4136333, -111.9306250 33.4138006, -111.9306450 33.4138920, -111.9306575 33.4139710, -111.9306656 33.4140941, -111.9306655 33.4145974, -111.9306650 33.4146657)",auto,0,0,,
South Terrace Road,8980,30031470,4655,7806,1,397.65,1,40.0,,,5,"LINESTRING (-111.9254711 33.4193526, -111.9254170 33.4193059, -111.9253447 33.4192532, -111.9252716 33.4192008, -111.9252093 33.4191578, -111.9251687 33.4191286, -111.9251297 33.4190964, -111.9243576 33.4184057, -111.9239244 33.4180230, -111.9232758 33.4174484, -111.9229534 33.4171591, -111.9227895 33.4170116, -111.9226256 33.4168589, -111.9225191 33.4167595)",auto,0,0,,
South Terrace Road,8981,30031490,4657,7806,1,271.86,1,40.0,,,5,"LINESTRING (-111.9203865 33.4149442, -111.9203886 33.4149608, -111.9203948 33.4149769, -111.9204056 33.4149946, -111.9204170 33.4150119, -111.9205304 33.4151205, -111.9207201 33.4152917, -111.9214937 33.4159821, -111.9218799 33.4163284, -111.9222610 33.4166740, -111.9223483 33.4167541)",auto,0,0,,
East Lemon Street,8983,30031526,4660,4659,1,168.36,1,40.0,,,6,"LINESTRING (-111.9205870 33.4167118, -111.9199436 33.4167013, -111.9198052 33.4166990, -111.9196227 33.4166960, -111.9191975 33.4166890, -111.9187765 33.4166821)",auto,0,0,,
East Lemon Street,8984,30031526,7806,4660,1,163.84,1,40.0,,,6,"LINESTRING (-111.9223483 33.4167541, -111.9222470 33.4167508, -111.9216812 33.4167418, -111.9214566 33.4167294, -111.9210239 33.4167206, -111.9206612 33.4167133, -111.9205870 33.4167118)",auto,0,0,,
East Lemon Street,8986,30031526,4659,4660,1,168.36,1,40.0,,,6,"LINESTRING (-111.9187765 33.4166821, -111.9191975 33.4166890, -111.9196227 33.4166960, -111.9198052 33.4166990, -111.9199436 33.4167013, -111.9205870 33.4167118)",auto,0,0,,
East Lemon Street,8987,30031526,4660,7806,1,163.84,1,40.0,,,6,"LINESTRING (-111.9205870 33.4167118, -111.9206612 33.4167133, -111.9210239 33.4167206, -111.9214566 33.4167294, -111.9216812 33.4167418, -111.9222470 33.4167508, -111.9223483 33.4167541)",auto,0,0,,
South McAllister Avenue,9003,30408106,4680,782,1,171.79,1,40.0,,,6,"LINESTRING (-111.9307043 33.4135726, -111.9306875 33.4135387, -111.9306846 33.4135070, -111.9306773 33.4130816, -111.9306767 33.4130436, -111.9306770 33.4130090, -111.9306755 33.4126701, -111.9306745 33.4120936, -111.9306814 33.4120670, -111.9306964 33.4120499, -111.9307156 33.4120396)",auto,0,0,,
South McAllister Avenue,9004,30408106,782,4680,1,171.79,1,40.0,,,6,"LINESTRING (-111.9307156 33.4120396, -111.9306964 33.4120499, -111.9306814 33.4120670, -111.9306745 33.4120936, -111.9306755 33.4126701, -111.9306770 33.4130090, -111.9306767 33.4130436, -111.9306773 33.4130816, -111.9306846 33.4135070, -111.9306875 33.4135387, -111.9307043 33.4135726)",auto,0,0,,
East Cedar Street,9814,318478627,5219,814,1,58.4,1,40.0,,,6,"LINESTRING (-111.9215720 33.4113440, -111.9209439 33.4113482)",auto,0,0,,
East Cedar Street,9817,318478627,814,5219,1,58.4,1,40.0,,,6,"LINESTRING (-111.9209439 33.4113482, -111.9215720 33.4113440)",auto,0,0,,
,9945,338703888,5307,5308,1,14.74,1,,,,3,"LINESTRING (-111.9220086 33.4148354, -111.9220244 33.4147994, -111.9220519 33.4147371, -111.9220635 33.4147107)",auto,0,0,,
,9946,338703888,5308,5307,1,14.74,1,,,,3,"LINESTRING (-111.9220635 33.4147107, -111.9220519 33.4147371, -111.9220244 33.4147994, -111.9220086 33.4148354)",auto,0,0,,
South Jessica Lane,9949,338703892,813,812,1,132.5,1,40.0,,,6,"LINESTRING (-111.9209422 33.4116865, -111.9210328 33.4116855, -111.9212533 33.4116828, -111.9212749 33.4116908, -111.9212940 33.4117062, -111.9213042 33.4117247, -111.9213093 33.4117593, -111.9213156 33.4122813, -111.9212842 33.4123004, -111.9212380 33.4123100, -111.9210349 33.4123084, -111.9209490 33.4123100)",auto,0,0,,
South Jessica Lane,9950,338703892,812,813,1,132.5,1,40.0,,,6,"LINESTRING (-111.9209490 33.4123100, -111.9210349 33.4123084, -111.9212380 33.4123100, -111.9212842 33.4123004, -111.9213156 33.4122813, -111.9213093 33.4117593, -111.9213042 33.4117247, -111.9212940 33.4117062, -111.9212749 33.4116908, -111.9212533 33.4116828, -111.9210328 33.4116855, -111.9209422 33.4116865)",auto,0,0,,
South Stanley Place,10023,353008478,5355,4660,1,222.95,1,40.0,,,6,"LINESTRING (-111.9205552 33.4187226, -111.9205558 33.4186635, -111.9205576 33.4185739, -111.9205672 33.4179666, -111.9205699 33.4177950, -111.9205749 33.4174822, -111.9205773 33.4173248, -111.9205790 33.4172033, -111.9205858 33.4167826, -111.9205870 33.4167118)",auto,0,0,,
South Stanley Place,10024,353008478,4660,5355,1,222.95,1,40.0,,,6,"LINESTRING (-111.9205870 33.4167118, -111.9205858 33.4167826, -111.9205790 33.4172033, -111.9205773 33.4173248, -111.9205749 33.4174822, -111.9205699 33.4177950, -111.9205672 33.4179666, -111.9205576 33.4185739, -111.9205558 33.4186635, -111.9205552 33.4187226)",auto,0,0,,
South Rural Road,10274,395215600,5482,7897,1,48.81,4,56.0,,,3,"LINESTRING (-111.9262990 33.4195429, -111.9263055 33.4199832, -111.9263011 33.4202127)",auto,0,0,,
South Rural Road,10275,395215600,7897,5482,1,48.81,3,56.0,,,3,"LINESTRING (-111.9263011 33.4202127, -111.9263055 33.4199832, -111.9262990 33.4195429)",auto,0,0,,
East Apache Boulevard,10860,436789544,5809,7857,1,74.31,3,56.0,,,3,"LINESTRING (-111.9212488 33.4147092, -111.9210748 33.4147082, -111.9206990 33.4147061, -111.9204498 33.4146974, -111.9204036 33.4148200)",auto,0,0,,
East Apache Boulevard,10865,436789576,7857,5814,1,120.26,2,56.0,,,3,"LINESTRING (-111.9204036 33.4148200, -111.9204498 33.4146974, -111.9201988 33.4146756, -111.9200499 33.4146690, -111.9199608 33.4146664, -111.9191579 33.4146605)",auto,0,0,,
East Apache Boulevard,10868,436789584,5816,7857,1,121.13,3,56.0,,,3,"LINESTRING (-111.9190036 33.4148637, -111.9196193 33.4148830, -111.9200638 33.4148835, -111.9203059 33.4148826, -111.9204036 33.4148200)",auto,0,0,,
East Apache Boulevard,10875,436790484,5822,7789,1,72.33,3,56.0,,,3,"LINESTRING (-111.9314430 33.4146608, -111.9307984 33.4146636, -111.9306650 33.4146657)",auto,0,0,,
East Apache Boulevard,10876,436790485,5823,7789,1,60.15,3,56.0,,,3,"LINESTRING (-111.9300149 33.4147941, -111.9305118 33.4147880, -111.9306617 33.4147862)",auto,0,0,,
East Apache Boulevard,10878,436790487,7789,5827,1,144.68,2,56.0,,,3,"LINESTRING (-111.9306617 33.4147862, -111.9307998 33.4147857, -111.9311430 33.4147838, -111.9322177 33.4147716)",auto,0,0,,
East Apache Boulevard,10880,436790489,5827,7909,1,54.61,3,56.0,,,3,"LINESTRING (-111.9322177 33.4147716, -111.9327145 33.4147655, -111.9328050 33.4147645, -111.9327995 33.4147052)",auto,0,0,,
East Apache Boulevard,10881,436790490,5828,7735,1,42.4,3,56.0,,,3,"LINESTRING (-111.9267480 33.4146920, -111.9264832 33.4146930, -111.9262920 33.4146937)",auto,0,0,,
East Apache Boulevard,10882,436790491,5829,7735,1,39.64,3,56.0,,,3,"LINESTRING (-111.9258589 33.4148320, -111.9261070 33.4148301, -111.9262852 33.4148286)",auto,0,0,,
East Apache Boulevard,10883,436790492,7909,5822,1,125.62,2,56.0,,,3,"LINESTRING (-111.9327995 33.4147052, -111.9327940 33.4146458, -111.9327144 33.4146467, -111.9314430 33.4146608)",auto,0,0,,
East Apache Boulevard,10885,436790494,7913,5833,1,164.87,2,56.0,,,3,"LINESTRING (-111.9291617 33.4147120, -111.9291450 33.4146674, -111.9285601 33.4146783, -111.9273992 33.4146867, -111.9273720 33.4146858)",auto,0,0,,
East Apache Boulevard,10886,436790495,7735,5834,1,103.16,2,56.0,,,3,"LINESTRING (-111.9262852 33.4148286, -111.9264822 33.4148249, -111.9273946 33.4148143)",auto,0,0,,
South Rural Road,11954,436942363,6450,6451,1,156.35,3,56.0,,,3,"LINESTRING (-111.9262897 33.4110862, -111.9262900 33.4111847, -111.9262934 33.4122998, -111.9262937 33.4124064, -111.9262942 33.4124964)",auto,0,0,,
South Rural Road,11955,436942363,6451,6450,1,156.35,3,56.0,,,3,"LINESTRING (-111.9262942 33.4124964, -111.9262937 33.4124064, -111.9262934 33.4122998, -111.9262900 33.4111847, -111.9262897 33.4110862)",auto,0,0,,
South Rural Road,11956,436942364,6452,6453,1,17.49,3,56.0,,,3,"LINESTRING (-111.9262955 33.4184244, -111.9262944 33.4185822)",auto,0,0,,
South Rural Road,11957,436942364,6453,6452,1,17.49,3,56.0,,,3,"LINESTRING (-111.9262944 33.4185822, -111.9262955 33.4184244)",auto,0,0,,
South Rural Road,11958,436942365,6454,6455,1,97.17,3,,,,3,"LINESTRING (-111.9262936 33.4155005, -111.9262944 33.4155570, -111.9262974 33.4159902, -111.9263002 33.4162330, -111.9263007 33.4163769)",auto,0,0,,
South Rural Road,11959,436942365,6455,6454,1,97.17,3,,,,3,"LINESTRING (-111.9263007 33.4163769, -111.9263002 33.4162330, -111.9262974 33.4159902, -111.9262944 33.4155570, -111.9262936 33.4155005)",auto,0,0,,
South Rural Road,11962,436942367,6456,6457,1,19.91,3,56.0,,,3,"LINESTRING (-111.9262999 33.4173616, -111.9263000 33.4175412)",auto,0,0,,
South Rural Road,11963,436942367,6457,6456,1,19.91,3,56.0,,,3,"LINESTRING (-111.9263000 33.4175412, -111.9262999 33.4173616)",auto,0,0,,
South Rural Road,11966,436942369,6458,6456,1,58.03,3,56.0,,,3,"LINESTRING (-111.9263030 33.4168382, -111.9263020 33.4169260, -111.9263016 33.4171287, -111.9262999 33.4173616)",auto,0,0,,
South Rural Road,11967,436942369,6456,6458,1,58.03,4,56.0,,,3,"LINESTRING (-111.9262999 33.4173616, -111.9263016 33.4171287, -111.9263020 33.4169260, -111.9263030 33.4168382)",auto,0,0,,
South Rural Road,11970,436942372,6453,6462,1,61.57,4,56.0,,,3,"LINESTRING (-111.9262944 33.4185822, -111.9262989 33.4190261, -111.9262960 33.4191375)",auto,0,0,,
South Rural Road,11971,436942372,6462,6453,1,61.57,3,56.0,,,3,"LINESTRING (-111.9262960 33.4191375, -111.9262989 33.4190261, -111.9262944 33.4185822)",auto,0,0,,
South Rural Road,11974,436942374,6465,6466,1,3.32,5,56.0,,,3,"LINESTRING (-111.9262948 33.4140912, -111.9262947 33.4141212)",auto,0,0,,
South Rural Road,11975,436942374,6466,6465,1,3.32,3,56.0,,,3,"LINESTRING (-111.9262947 33.4141212, -111.9262948 33.4140912)",auto,0,0,,
South Rural Road,11978,436942376,6462,5482,1,44.95,3,56.0,,,3,"LINESTRING (-111.9262960 33.4191375, -111.9262981 33.4192639, -111.9262990 33.4195429)",auto,0,0,,
South Rural Road,11979,436942376,5482,6462,1,44.95,3,56.0,,,3,"LINESTRING (-111.9262990 33.4195429, -111.9262981 33.4192639, -111.9262960 33.4191375)",auto,0,0,,
South Rural Road,11985,436942381,7735,6454,1,74.5,3,,,,3,"LINESTRING (-111.9262852 33.4148286, -111.9262842 33.4149181, -111.9262865 33.4150708, -111.9262876 33.4151408, -111.9262895 33.4152234, -111.9262909 33.4153155, -111.9262927 33.4154363, -111.9262936 33.4155005)",auto,0,0,,
South Rural Road,11986,436942381,6454,7735,1,74.5,5,,,,3,"LINESTRING (-111.9262936 33.4155005, -111.9262927 33.4154363, -111.9262909 33.4153155, -111.9262895 33.4152234, -111.9262876 33.4151408, -111.9262865 33.4150708, -111.9262842 33.4149181, -111.9262852 33.4148286)",auto,0,0,,
South Rural Road,11987,436942382,6455,6458,1,51.14,4,,,,3,"LINESTRING (-111.9263007 33.4163769, -111.9263017 33.4165401, -111.9263023 33.4167407, -111.9263030 33.4168382)",auto,0,0,,
South Rural Road,11988,436942382,6458,6455,1,51.14,3,,,,3,"LINESTRING (-111.9263030 33.4168382, -111.9263023 33.4167407, -111.9263017 33.4165401, -111.9263007 33.4163769)",auto,0,0,,
South Rural Road,11990,436942384,6457,6452,1,97.92,3,56.0,,,3,"LINESTRING (-111.9263000 33.4175412, -111.9262990 33.4176300, -111.9262990 33.4177870, -111.9262995 33.4180207, -111.9262973 33.4181954, -111.9262955 33.4184244)",auto,0,0,,
South Rural Road,11991,436942384,6452,6457,1,97.92,3,56.0,,,3,"LINESTRING (-111.9262955 33.4184244, -111.9262973 33.4181954, -111.9262995 33.4180207, -111.9262990 33.4177870, -111.9262990 33.4176300, -111.9263000 33.4175412)",auto,0,0,,
South Rural Road,12143,436943770,6568,6465,1,106.64,3,56.0,,,3,"LINESTRING (-111.9262984 33.4131293, -111.9262979 33.4132664, -111.9262972 33.4134638, -111.9262963 33.4137059, -111.9262961 33.4137476, -111.9262957 33.4138447, -111.9262948 33.4140912)",auto,0,0,,
South Rural Road,12144,436943770,6465,6568,1,106.64,3,56.0,,,3,"LINESTRING (-111.9262948 33.4140912, -111.9262957 33.4138447, -111.9262961 33.4137476, -111.9262963 33.4137059, -111.9262972 33.4134638, -111.9262979 33.4132664, -111.9262984 33.4131293)",auto,0,0,,
South Rural Road,12161,436943780,6451,6576,1,42.81,4,56.0,,,3,"LINESTRING (-111.9262942 33.4124964, -111.9262950 33.4127995, -111.9262970 33.4128826)",auto,0,0,,
South Rural Road,12162,436943780,6576,6451,1,42.81,3,56.0,,,3,"LINESTRING (-111.9262970 33.4128826, -111.9262950 33.4127995, -111.9262942 33.4124964)",auto,0,0,,
South Rural Road,12163,436943781,6576,6568,1,27.36,3,56.0,,,3,"LINESTRING (-111.9262970 33.4128826, -111.9262970 33.4129478, -111.9262984 33.4131293)",auto,0,0,,
South Rural Road,12164,436943781,6568,6576,1,27.36,4,56.0,,,3,"LINESTRING (-111.9262984 33.4131293, -111.9262970 33.4129478, -111.9262970 33.4128826)",auto,0,0,,
South Rural Road,12165,436943782,7941,6578,1,39.84,3,56.0,,,3,"LINESTRING (-111.9262811 33.4099670, -111.9262830 33.4101537, -111.9262882 33.4105131)",auto,0,0,,
South Rural Road,12166,436943782,6578,7941,1,39.84,4,56.0,,,3,"LINESTRING (-111.9262882 33.4105131, -111.9262830 33.4101537, -111.9262811 33.4099670)",auto,0,0,,
South Rural Road,12565,512810351,6731,6732,1,111.5,3,56.0,,,3,"LINESTRING (-111.9262744 33.4083544, -111.9262726 33.4086452, -111.9262777 33.4093601)",auto,0,0,,
South Rural Road,12566,512810351,6732,6731,1,111.5,3,56.0,,,3,"LINESTRING (-111.9262777 33.4093601, -111.9262726 33.4086452, -111.9262744 33.4083544)",auto,0,0,,
East Apache Boulevard,12568,512811687,7789,7913,1,136.86,2,56.0,,,3,"LINESTRING (-111.9306650 33.4146657, -111.9304957 33.4146672, -111.9303710 33.4146669, -111.9298286 33.4146655, -111.9291931 33.4146673, -111.9291617 33.4147120)",auto,0,0,,
East Apache Boulevard,12569,512811693,7913,5823,1,80.69,2,56.0,,,3,"LINESTRING (-111.9291617 33.4147120, -111.9291470 33.4148012, -111.9300149 33.4147941)",auto,0,0,,
East Apache Boulevard,13051,532227834,5308,5809,1,75.75,2,56.0,,,3,"LINESTRING (-111.9220635 33.4147107, -111.9218918 33.4147095, -111.9215519 33.4147093, -111.9213553 33.4147092, -111.9212851 33.4147092, -111.9212488 33.4147092)",auto,0,0,,
East Apache Boulevard,13052,532227836,4650,5308,1,57.16,3,56.0,,,3,"LINESTRING (-111.9226783 33.4147140, -111.9220635 33.4147107)",auto,0,0,,
East Apache Boulevard,13069,533371302,6924,5828,1,33.35,3,56.0,,,3,"LINESTRING (-111.9271067 33.4146890, -111.9269614 33.4146908, -111.9267480 33.4146920)",auto,0,0,,
East Apache Boulevard,13070,533371303,5834,6925,1,149.17,2,56.0,,,3,"LINESTRING (-111.9273946 33.4148143, -111.9285674 33.4148071, -111.9289989 33.4148027)",auto,0,0,,
East Apache Boulevard,13071,533371303,6925,7913,1,13.77,2,56.0,,,3,"LINESTRING (-111.9289989 33.4148027, -111.9291470 33.4148012, -111.9291617 33.4147120)",auto,0,0,,
South Terrace Road,13440,537091884,7033,7857,1,93.3,2,40.0,,,5,"LINESTRING (-111.9211638 33.4155134, -111.9205980 33.4150006, -111.9205709 33.4149704, -111.9205489 33.4149438, -111.9205297 33.4149105, -111.9205139 33.4148773, -111.9204036 33.4148200)",auto,0,0,,
South Terrace Road,13441,537091885,7034,7897,1,108.2,2,40.0,,,5,"LINESTRING (-111.9254783 33.4195802, -111.9260777 33.4201190, -111.9261112 33.4201470, -111.9261426 33.4201705, -111.9261775 33.4201966, -111.9262128 33.4202223, -111.9262529 33.4202470, -111.9262980 33.4202694, -111.9263011 33.4202127)",auto,0,0,,
South McAllister Avenue,13444,537091887,7789,7035,1,54.04,1,40.0,,,5,"LINESTRING (-111.9306617 33.4147862, -111.9306135 33.4148737, -111.9306049 33.4150435, -111.9305912 33.4151961, -111.9305745 33.4152628)",auto,0,0,,
South McAllister Avenue,13445,537091888,7035,7036,1,73.46,1,40.0,,,5,"LINESTRING (-111.9305745 33.4152628, -111.9305319 33.4153831, -111.9304791 33.4154969, -111.9304001 33.4156225, -111.9303114 33.4157244, -111.9301943 33.4158335)",auto,0,0,,
South McAllister Avenue,13446,537091888,7036,2068,1,115.81,1,40.0,,,5,"LINESTRING (-111.9301943 33.4158335, -111.9301574 33.4158684, -111.9301100 33.4159179, -111.9294595 33.4165428, -111.9294120 33.4166399)",auto,0,0,,
South McAllister Avenue,13447,537091889,7037,2067,1,41.99,1,40.0,,,5,"LINESTRING (-111.9288545 33.4184331, -111.9288543 33.4183434, -111.9288523 33.4180544)",auto,0,0,,
South McAllister Avenue,13448,537091889,2067,7037,1,41.99,2,40.0,,,5,"LINESTRING (-111.9288523 33.4180544, -111.9288543 33.4183434, -111.9288545 33.4184331)",auto,0,0,,
South McAllister Avenue,13449,537091890,7038,7037,1,127.94,1,40.0,,,5,"LINESTRING (-111.9288801 33.4195869, -111.9288784 33.4195156, -111.9288758 33.4193999, -111.9288716 33.4192147, -111.9288680 33.4190487, -111.9288557 33.4185321, -111.9288545 33.4184331)",auto,0,0,,
South McAllister Avenue,13450,537091890,7037,7038,1,127.94,1,40.0,,,5,"LINESTRING (-111.9288545 33.4184331, -111.9288557 33.4185321, -111.9288680 33.4190487, -111.9288716 33.4192147, -111.9288758 33.4193999, -111.9288784 33.4195156, -111.9288801 33.4195869)",auto,0,0,,
South McAllister Avenue,13451,537091891,7039,7038,1,51.34,1,40.0,,,5,"LINESTRING (-111.9289097 33.4200493, -111.9289036 33.4199746, -111.9288840 33.4196701, -111.9288801 33.4195869)",auto,0,0,,
South McAllister Avenue,13452,537091891,7038,7039,1,51.34,1,40.0,,,5,"LINESTRING (-111.9288801 33.4195869, -111.9288840 33.4196701, -111.9289036 33.4199746, -111.9289097 33.4200493)",auto,0,0,,
East Vista del Cerro Drive,13879,594384220,7172,7173,1,21.13,1,,,,5,"LINESTRING (-111.9257941 33.4101273, -111.9255669 33.4101291)",auto,0,0,,
East Vista del Cerro Drive,13880,594384220,7173,7172,1,21.13,1,,,,5,"LINESTRING (-111.9255669 33.4101291, -111.9257941 33.4101273)",auto,0,0,,
East Vista del Cerro Drive,13881,594384223,7173,7174,1,187.97,1,,,,5,"LINESTRING (-111.9255669 33.4101291, -111.9253586 33.4101308, -111.9250546 33.4101331, -111.9246146 33.4101366, -111.9243614 33.4101386, -111.9243204 33.4101392, -111.9237959 33.4101386, -111.9235454 33.4101380)",auto,0,0,,
East Vista del Cerro Drive,13882,594384223,7174,4701,1,554.32,1,,,,5,"LINESTRING (-111.9235454 33.4101380, -111.9234030 33.4101437, -111.9233144 33.4101421, -111.9225004 33.4101440, -111.9223389 33.4101422, -111.9217358 33.4101475, -111.9216144 33.4101364, -111.9214308 33.4101077, -111.9212670 33.4100576, -111.9211066 33.4100008, -111.9209340 33.4099206, -111.9204671 33.4096646, -111.9203596 33.4096232, -111.9202368 33.4095841, -111.9201166 33.4095581, -111.9200572 33.4095433, -111.9199484 33.4095258, -111.9197571 33.4095058, -111.9178224 33.4095080, -111.9177984 33.4095043, -111.9177587 33.4094960)",auto,0,0,,
East Vista del Cerro Drive,13883,594384223,7174,7173,1,187.97,1,,,,5,"LINESTRING (-111.9235454 33.4101380, -111.9237959 33.4101386, -111.9243204 33.4101392, -111.9243614 33.4101386, -111.9246146 33.4101366, -111.9250546 33.4101331, -111.9253586 33.4101308, -111.9255669 33.4101291)",auto,0,0,,
East Vista del Cerro Drive,13884,594384223,4701,7174,1,554.32,1,,,,5,"LINESTRING (-111.9177587 33.4094960, -111.9177984 33.4095043, -111.9178224 33.4095080, -111.9197571 33.4095058, -111.9199484 33.4095258, -111.9200572 33.4095433, -111.9201166 33.4095581, -111.9202368 33.4095841, -111.9203596 33.4096232, -111.9204671 33.4096646, -111.9209340 33.4099206, -111.9211066 33.4100008, -111.9212670 33.4100576, -111.9214308 33.4101077, -111.9216144 33.4101364, -111.9217358 33.4101475, -111.9223389 33.4101422, -111.9225004 33.4101440, -111.9233144 33.4101421, -111.9234030 33.4101437, -111.9235454 33.4101380)",auto,0,0,,
East 14th Street,13900,597596575,7175,4680,1,192.93,1,40.0,,,6,"LINESTRING (-111.9327775 33.4135705, -111.9307814 33.4135850, -111.9307346 33.4135807, -111.9307043 33.4135726)",auto,0,0,,
East 14th Street,13902,597596575,4680,7175,1,192.93,1,40.0,,,6,"LINESTRING (-111.9307043 33.4135726, -111.9307346 33.4135807, -111.9307814 33.4135850, -111.9327775 33.4135705)",auto,0,0,,
South McAllister Avenue,14105,613698108,7220,7221,1,92.6,1,40.0,,,5,"LINESTRING (-111.9301514 33.4159779, -111.9302260 33.4159055, -111.9303493 33.4157851, -111.9304248 33.4157061, -111.9304881 33.4156245, -111.9305592 33.4155164, -111.9306186 33.4154082, -111.9306452 33.4153477, -111.9306642 33.4152742)",auto,0,0,,
South McAllister Avenue,14106,613698108,2068,7220,1,101.08,1,40.0,,,5,"LINESTRING (-111.9294120 33.4166399, -111.9295169 33.4165881, -111.9296074 33.4165060, -111.9301514 33.4159779)",auto,0,0,,
East Orange Street,14160,656385562,7238,5355,1,301.24,1,40.0,,,6,"LINESTRING (-111.9231947 33.4175274, -111.9231436 33.4175728, -111.9229809 33.4177201, -111.9227335 33.4179463, -111.9226204 33.4180497, -111.9223035 33.4182204, -111.9219423 33.4184150, -111.9218791 33.4184524, -111.9217363 33.4185368, -111.9216162 33.4187016, -111.9214702 33.4187804, -111.9212894 33.4188214, -111.9205552 33.4187226)",auto,0,0,,
East Orange Street,14161,656385562,5355,7238,1,301.24,1,40.0,,,6,"LINESTRING (-111.9205552 33.4187226, -111.9212894 33.4188214, -111.9214702 33.4187804, -111.9216162 33.4187016, -111.9217363 33.4185368, -111.9218791 33.4184524, -111.9219423 33.4184150, -111.9223035 33.4182204, -111.9226204 33.4180497, -111.9227335 33.4179463, -111.9229809 33.4177201, -111.9231436 33.4175728, -111.9231947 33.4175274)",auto,0,0,,
South Terrace Road,14164,656385563,7238,7239,1,249.54,1,40.0,,,5,"LINESTRING (-111.9231947 33.4175274, -111.9235309 33.4178266, -111.9238050 33.4180710, -111.9238901 33.4181448, -111.9244238 33.4186182, -111.9245027 33.4186905, -111.9245938 33.4187710, -111.9249179 33.4190607, -111.9250353 33.4191657)",auto,0,0,,
East Apache Boulevard,14206,658319722,5307,5829,1,358.0,2,56.0,,,3,"LINESTRING (-111.9220086 33.4148354, -111.9221607 33.4148353, -111.9227892 33.4148322, -111.9232075 33.4148282, -111.9234035 33.4148297, -111.9235877 33.4148270, -111.9238423 33.4148236, -111.9240547 33.4148207, -111.9243091 33.4148231, -111.9246025 33.4148259, -111.9250406 33.4148294, -111.9255483 33.4148334, -111.9258589 33.4148320)",auto,0,0,,
South Jentilly Lane,14276,692089614,2888,7276,1,230.56,1,40.0,,,6,"LINESTRING (-111.9237187 33.4079673, -111.9237139 33.4081660, -111.9236998 33.4082485, -111.9236624 33.4084669, -111.9236524 33.4085037, -111.9235851 33.4087607, -111.9235813 33.4087884, -111.9235336 33.4091404, -111.9235360 33.4094268, -111.9235440 33.4100342)",auto,0,0,,
South Jentilly Lane,14277,692089614,7276,2888,1,230.56,1,40.0,,,6,"LINESTRING (-111.9235440 33.4100342, -111.9235360 33.4094268, -111.9235336 33.4091404, -111.9235813 33.4087884, -111.9235851 33.4087607, -111.9236524 33.4085037, -111.9236624 33.4084669, -111.9236998 33.4082485, -111.9237139 33.4081660, -111.9237187 33.4079673)",auto,0,0,,
,14473,776139342,1876,7341,1,37.23,1,,,,3,"LINESTRING (-111.9265017 33.4097547, -111.9264572 33.4097272, -111.9264217 33.4097036, -111.9263777 33.4096676, -111.9263450 33.4096296, -111.9262783 33.4094872)",auto,0,0,,
East Encanto Drive,14474,776139343,7941,1876,1,28.99,1,40.0,,,6,"LINESTRING (-111.9262811 33.4099670, -111.9262808 33.4099305, -111.9263238 33.4098670, -111.9263697 33.4098345, -111.9264191 33.4098087, -111.9264812 33.4097776, -111.9265017 33.4097547)",auto,0,0,,
East Vista del Cerro Drive,14475,776139346,7941,7172,1,46.05,1,,,,5,"LINESTRING (-111.9262811 33.4099670, -111.9262820 33.4100947, -111.9261356 33.4100954, -111.9258531 33.4101019, -111.9257941 33.4101273)",auto,0,0,,
East Vista del Cerro Drive,14476,776139347,7172,7941,1,46.08,1,,,,5,"LINESTRING (-111.9257941 33.4101273, -111.9258576 33.4101524, -111.9261359 33.4101538, -111.9262830 33.4101537, -111.9262811 33.4099670)",auto,0,0,,
East Lemon Street,14751,909486474,6458,7427,1,42.13,1,40.0,,,6,"LINESTRING (-111.9263030 33.4168382, -111.9261417 33.4168330, -111.9260080 33.4168291, -111.9258502 33.4168243)",auto,0,0,,
East Lemon Street,14752,909486474,7427,6458,1,42.13,1,40.0,,,6,"LINESTRING (-111.9258502 33.4168243, -111.9260080 33.4168291, -111.9261417 33.4168330, -111.9263030 33.4168382)",auto,0,0,,
South Rural Road,14783,934171144,7341,7941,1,39.81,3,56.0,,,3,"LINESTRING (-111.9262783 33.4094872, -111.9262799 33.4098462, -111.9262811 33.4099670)",auto,0,0,,
South Rural Road,14784,934171144,7941,7341,1,39.81,3,56.0,,,3,"LINESTRING (-111.9262811 33.4099670, -111.9262799 33.4098462, -111.9262783 33.4094872)",auto,0,0,,
South Rural Road,14785,934171145,6732,7341,1,14.09,3,56.0,,,3,"LINESTRING (-111.9262777 33.4093601, -111.9262783 33.4094872)",auto,0,0,,
South Rural Road,14786,934171145,7341,6732,1,14.09,3,56.0,,,3,"LINESTRING (-111.9262783 33.4094872, -111.9262777 33.4093601)",auto,0,0,,
South Terrace Road,14968,965750301,7806,7033,1,187.01,1,40.0,,,5,"LINESTRING (-111.9225191 33.4167595, -111.9224360 33.4166779, -111.9222045 33.4164634, -111.9220212 33.4162973, -111.9218220 33.4161194, -111.9216620 33.4159764, -111.9215344 33.4158599, -111.9213619 33.4156990, -111.9211638 33.4155134)",auto,0,0,,
East Lemon Street,14969,965750302,7489,7806,1,269.4,1,40.0,,,6,"LINESTRING (-111.9254160 33.4168118, -111.9253300 33.4168113, -111.9249009 33.4168044, -111.9247194 33.4168015, -111.9245051 33.4167980, -111.9243362 33.4167953, -111.9232733 33.4167758, -111.9230789 33.4167704, -111.9226680 33.4167634, -111.9226188 33.4167614, -111.9225191 33.4167595)",auto,0,0,,
East Lemon Street,14970,965750302,7806,7489,1,269.4,1,40.0,,,6,"LINESTRING (-111.9225191 33.4167595, -111.9226188 33.4167614, -111.9226680 33.4167634, -111.9230789 33.4167704, -111.9232733 33.4167758, -111.9243362 33.4167953, -111.9245051 33.4167980, -111.9247194 33.4168015, -111.9249009 33.4168044, -111.9253300 33.4168113, -111.9254160 33.4168118)",auto,0,0,,
South Terrace Road,14971,965750303,7806,7238,1,116.39,1,40.0,,,5,"LINESTRING (-111.9223483 33.4167541, -111.9224855 33.4168853, -111.9226017 33.4169967, -111.9228130 33.4171884, -111.9231947 33.4175274)",auto,0,0,,
South Terrace Road,15011,966303156,7857,4657,1,6.87,1,40.0,,,5,"LINESTRING (-111.9204036 33.4148200, -111.9203965 33.4148827, -111.9203933 33.4149029, -111.9203898 33.4149241, -111.9203865 33.4149442)",auto,0,0,,
,15203,989284360,5827,7909,1,57.39,3,,,,3,"LINESTRING (-111.9322177 33.4147716, -111.9322444 33.4147502, -111.9323541 33.4147182, -111.9326208 33.4147143, -111.9326565 33.4147110, -111.9327139 33.4146978, -111.9327536 33.4146785, -111.9327940 33.4146458, -111.9327995 33.4147052)",auto,0,0,,
South Rural Road,15299,1033824748,6466,7554,1,18.31,5,56.0,,,3,"LINESTRING (-111.9262947 33.4141212, -111.9262941 33.4142863)",auto,0,0,,
South Rural Road,15300,1033824748,7554,6466,1,18.31,3,56.0,,,3,"LINESTRING (-111.9262941 33.4142863, -111.9262947 33.4141212)",auto,0,0,,
South Rural Road,15301,1033824750,7554,7735,1,45.17,5,56.0,,,3,"LINESTRING (-111.9262941 33.4142863, -111.9262920 33.4146046, -111.9262920 33.4146937)",auto,0,0,,
South Rural Road,15302,1033824750,7735,7554,1,45.17,3,56.0,,,3,"LINESTRING (-111.9262920 33.4146937, -111.9262920 33.4146046, -111.9262941 33.4142863)",auto,0,0,,
South McAllister Avenue,15307,1039338100,7221,7789,1,54.59,2,40.0,,,5,"LINESTRING (-111.9306642 33.4152742, -111.9306766 33.4151850, -111.9306837 33.4150881, -111.9306920 33.4148754, -111.9306617 33.4147862)",auto,0,0,,
East Apache Boulevard,15316,1051002689,5833,6924,1,24.66,2,56.0,,,3,"LINESTRING (-111.9273720 33.4146858, -111.9271067 33.4146890)",auto,0,0,,
East Apache Boulevard,15344,1055088384,4648,5307,1,47.33,3,56.0,,,3,"LINESTRING (-111.9214997 33.4148411, -111.9216197 33.4148378, -111.9217373 33.4148353, -111.9220086 33.4148354)",auto,0,0,,
East Lemon Street,15475,1070423860,7578,6458,1,82.35,1,40.0,,,6,"LINESTRING (-111.9271661 33.4167019, -111.9269012 33.4167816, -111.9267747 33.4168068, -111.9266603 33.4168247, -111.9265493 33.4168331, -111.9264634 33.4168355, -111.9263030 33.4168382)",auto,0,0,,
East Lemon Street,15476,1070423860,6458,7578,1,82.35,1,40.0,,,6,"LINESTRING (-111.9263030 33.4168382, -111.9264634 33.4168355, -111.9265493 33.4168331, -111.9266603 33.4168247, -111.9267747 33.4168068, -111.9269012 33.4167816, -111.9271661 33.4167019)",auto,0,0,,
East Lemon Street,15577,1096226862,7427,7489,1,40.39,1,40.0,,,6,"LINESTRING (-111.9258502 33.4168243, -111.9257802 33.4168223, -111.9256121 33.4168174, -111.9254160 33.4168118)",auto,0,0,,
East Lemon Street,15578,1096226862,7489,7427,1,40.39,1,40.0,,,6,"LINESTRING (-111.9254160 33.4168118, -111.9256121 33.4168174, -111.9257802 33.4168223, -111.9258502 33.4168243)",auto,0,0,,
East Lemon Street,15636,1123252014,2068,7578,1,210.09,1,40.0,,,6,"LINESTRING (-111.9294120 33.4166399, -111.9292821 33.4166416, -111.9292599 33.4166416, -111.9289961 33.4166414, -111.9287595 33.4166413, -111.9284508 33.4166395, -111.9279495 33.4166251, -111.9275795 33.4166248, -111.9274785 33.4166304, -111.9273827 33.4166406, -111.9272923 33.4166614, -111.9271948 33.4166901, -111.9271661 33.4167019)",auto,0,0,,
East Lemon Street,15637,1123252014,7578,2068,1,210.09,1,40.0,,,6,"LINESTRING (-111.9271661 33.4167019, -111.9271948 33.4166901, -111.9272923 33.4166614, -111.9273827 33.4166406, -111.9274785 33.4166304, -111.9275795 33.4166248, -111.9279495 33.4166251, -111.9284508 33.4166395, -111.9287595 33.4166413, -111.9289961 33.4166414, -111.9292599 33.4166416, -111.9292821 33.4166416, -111.9294120 33.4166399)",auto,0,0,,
South Terrace Road,15690,1143816166,7897,7606,1,52.92,1,40.0,,,5,"LINESTRING (-111.9263011 33.4202127, -111.9263055 33.4199832, -111.9262647 33.4199778, -111.9262223 33.4199693, -111.9261791 33.4199575, -111.9261357 33.4199392, -111.9260964 33.4199161, -111.9260633 33.4198903, -111.9260255 33.4198564, -111.9259766 33.4198088, -111.9258666 33.4197037)",auto,0,0,,
South Terrace Road,15691,1143816167,7606,4655,1,53.54,2,40.0,,,5,"LINESTRING (-111.9258666 33.4197037, -111.9257447 33.4195971, -111.9254711 33.4193526)",auto,0,0,,
South Jentilly Lane,15907,1284770155,7665,7174,1,4.51,1,40.0,,,6,"LINESTRING (-111.9235449 33.4100973, -111.9235454 33.4101380)",auto,0,0,,
South Jentilly Lane,15908,1284770155,7174,7665,1,4.51,1,40.0,,,6,"LINESTRING (-111.9235454 33.4101380, -111.9235449 33.4100973)",auto,0,0,,
South Jentilly Lane,15909,1284770156,7276,7665,1,7.0,1,40.0,,,6,"LINESTRING (-111.9235440 33.4100342, -111.9235445 33.4100660, -111.9235449 33.4100973)",auto,0,0,,
South Jentilly Lane,15910,1284770156,7665,7276,1,7.0,1,40.0,,,6,"LINESTRING (-111.9235449 33.4100973, -111.9235445 33.4100660, -111.9235440 33.4100342)",auto,0,0,,
East Spence Avenue,16020,1349281475,6576,2820,1,43.93,1,40.0,,,6,"LINESTRING (-111.9262970 33.4128826, -111.9261384 33.4128828, -111.9258245 33.4128823)",auto,0,0,,
East Spence Avenue,16021,1349281475,2820,6576,1,43.93,1,40.0,,,6,"LINESTRING (-111.9258245 33.4128823, -111.9261384 33.4128828, -111.9262970 33.4128826)",auto,0,0,,
South Rural Road,16143,1386877601,6578,7709,1,36.84,3,56.0,,,3,"LINESTRING (-111.9262882 33.4105131, -111.9262896 33.4108454)",auto,0,0,,
South Rural Road,16144,1386877601,7709,6578,1,36.84,3,56.0,,,3,"LINESTRING (-111.9262896 33.4108454, -111.9262882 33.4105131)",auto,0,0,,
South Rural Road,16145,1386877602,7709,6450,1,34.44,3,56.0,,,3,"LINESTRING (-111.9262896 33.4108454, -111.9262133 33.4108891, -111.9262147 33.4109507, -111.9262161 33.4110514, -111.9262897 33.4110862)",auto,0,0,,
South Rural Road,16146,1386877603,6450,7709,1,31.88,3,56.0,,,3,"LINESTRING (-111.9262897 33.4110862, -111.9263477 33.4110526, -111.9263479 33.4109516, -111.9263472 33.4108898, -111.9262896 33.4108454)",auto,0,0,,
South Terrace Road,16240,1441914980,7713,7714,1,9.21,1,40.0,,,5,"LINESTRING (-111.9253448 33.4194497, -111.9254093 33.4195129)",auto,0,0,,
South Terrace Road,16241,1441914981,7714,7034,1,9.84,1,40.0,,,5,"LINESTRING (-111.9254093 33.4195129, -111.9254783 33.4195802)",auto,0,0,,
South Terrace Road,16242,1441914982,7239,7713,1,42.66,1,40.0,,,5,"LINESTRING (-111.9250353 33.4191657, -111.9250996 33.4192230, -111.9252940 33.4194005, -111.9253448 33.4194497)",auto,0,0,,
