name,node_id,osm_node_id,osm_highway,zone_id,ctrl_type,node_type,activity_type,is_boundary,x_coord,y_coord,intersection_id,poi_id,notes
,430,41546647,,,,,,,-111.9301254,33.4104444,,,
,431,41546648,,,,,,,-111.9265223,33.4104547,,,
,451,5650675608,,,,,,,-111.9242764,33.4118974,,,
,452,41548521,,,,,,,-111.9232523,33.4118914,,,
,781,41604298,,,,,,,-111.9349297,33.4119783,,,
,782,41604299,,,,,,,-111.9307156,33.4120396,,,
,811,41606207,,,,,,,-111.920965,33.4128734,,,
,812,3458373537,,,,,,,-111.920949,33.41231,,,
,813,3458373531,,,,,,,-111.9209422,33.4116865,,,
,814,41606208,,,,,,,-111.9209439,33.4113482,,,
,924,41617200,,,,,,,-111.928383,33.4097445,,,
,925,41617201,,,,,,,-111.9283745,33.4090473,,,
,1604,41708464,,,,,,,-111.92199,33.4128709,,,
,1605,337827148,,,,,,,-111.9219878,33.4113336,,,
,1875,41752399,,,,,,,-111.929249,33.4097398,,,
,1876,2300341686,,,,,,,-111.9265017,33.4097547,,,
,1877,41752397,,,,,,,-111.9301168,33.4097351,,,
,2067,5201685464,,,,,,,-111.9288523,33.4180544,,,
,2068,14174536043,,,,,,,-111.929412,33.4166399,,,
,2287,41851100,,,,,,,-111.919406,33.4128773,,,
,2350,41853706,,,,,,,-111.9203406,33.412875,,,
,2351,317445418,,,,,,,-111.9203305,33.4113537,,,
,2363,41855562,,,,,,,-111.922591,33.4128699,,,
,2364,3458373529,,,,,,,-111.922574,33.4111077,,,
,2818,41606183,,,,,,,-111.920428,33.4128747,,,
,2819,41966652,,,,,,,-111.9232576,33.4128738,,,
,2820,8424527248,,,,,,,-111.9258245,33.4128823,,,
,2888,6496439526,,,,,,,-111.9237187,33.4079673,,,
,2896,337827302,,,,,,,-111.9232571,33.4112193,,,
,4648,9695133309,,,,,,,-111.9214997,33.4148411,,,
,4650,5165146154,,,,,,,-111.9226783,33.414714,,,
,4652,335589267,,,,,,,-111.930544,33.4115122,,,
,4655,1501648933,,,signal,,,,-111.9254711,33.4193526,,,
,4657,1501648858,,,,,,,-111.9203865,33.4149442,,,
,4659,41654679,,,,,,,-111.9187765,33.4166821,,,
,4660,41654678,,,,,,,-111.920587,33.4167118,,,
,4680,41800471,,,,,,,-111.9307043,33.4135726,,,
,4701,41546646,,,,,,,-111.9177587,33.409496,,,
,5219,3248854377,,,,,,,-111.921572,33.411344,,,
,5307,3101286346,,,,,,,-111.9220086,33.4148354,,,
,5308,3458373555,,,,,,,-111.9220635,33.4147107,,,
,5355,317654988,,,,,,,-111.9205552,33.4187226,,,
,5482,4347879979,,,,,,,-111.926299,33.4195429,,,
,5809,4346571427,,,,,,,-111.9212488,33.4147092,,,
,5814,3719273480,,,,,,,-111.9191579,33.4146605,,,
,5816,4346571428,,,,,,,-111.9190036,33.4148637,,,
,5822,4346575410,,,,,,,-111.931443,33.4146608,,,
,5823,4346575415,,,,,,,-111.9300149,33.4147941,,,
,5827,4346575414,,,,,,,-111.9322177,33.4147716,,,
,5828,4346575411,,,,,,,-111.926748,33.414692,,,
,5829,4346575416,,,,,,,-111.9258589,33.414832,,,
,5833,5146893078,,,,,,,-111.927372,33.4146858,,,
,5834,330683941,,,,,,,-111.9273946,33.4148143,,,
,6450,7284156927,,,,,,,-111.9262897,33.4110862,,,
,6451,4347900943,,,,,,,-111.9262942,33.4124964,,,
,6452,4347879977,,,,,,,-111.9262955,33.4184244,,,
,6453,4347879978,,,,,,,-111.9262944,33.4185822,,,
,6454,4347879971,,,,,,,-111.9262936,33.4155005,,,
,6455,4347879972,,,,,,,-111.9263007,33.4163769,,,
,6456,4347879974,,,,,,,-111.9262999,33.4173616,,,
,6457,4347879975,,,,,,,-111.9263,33.4175412,,,
,6458,41573980,,,signal,,,,-111.926303,33.4168382,,,
,6462,41573982,,,signal,,,,-111.926296,33.4191375,,,
,6465,4347879966,,,,,,,-111.9262948,33.4140912,,,
,6466,5646686312,,,,,,,-111.9262947,33.4141212,,,
,6568,4347900944,,,,,,,-111.9262984,33.4131293,,,
,6576,41573974,,,signal,,,,-111.926297,33.4128826,,,
,6578,4347900942,,,,,,,-111.9262882,33.4105131,,,
,6731,4347900940,,,,,,,-111.9262744,33.4083544,,,
,6732,5668170582,,,,,,,-111.9262777,33.4093601,,,
,6924,9658248643,,,,,,,-111.9271067,33.414689,,,
,6925,4716134185,,,signal,,,,-111.9289989,33.4148027,,,
,7033,5201685460,,,,,,,-111.9211638,33.4155134,,,
,7034,5201685461,,,,,,,-111.9254783,33.4195802,,,
,7035,5201685462,,,,,,,-111.9305745,33.4152628,,,
,7036,317327702,,,signal,,,,-111.9301943,33.4158335,,,
,7037,5280009872,,,signal,,,,-111.9288545,33.4184331,,,
,7038,5201685465,,,,,,,-111.9288801,33.4195869,,,
,7039,5201685466,,,,,,,-111.9289097,33.4200493,,,
,7172,5668170614,,,,,,,-111.9257941,33.4101273,,,
,7173,5668170615,,,,,,,-111.9255669,33.4101291,,,
,7174,338058726,,,,,,,-111.9235454,33.410138,,,
,7175,41830286,,,,,,,-111.9327775,33.4135705,,,
,7220,5806210751,,,signal,,,,-111.9301514,33.4159779,,,
,7221,5806210747,,,,,,,-111.9306642,33.4152742,,,
,7238,330689687,,,,,,,-111.9231947,33.4175274,,,
,7239,7936838411,,,,,,,-111.9250353,33.4191657,,,
,7276,11919021101,,,,,,,-111.923544,33.4100342,,,
,7341,7241586262,,,,,,,-111.9262783,33.4094872,,,
,7427,10038906156,,,,,,,-111.9258502,33.4168243,,,
,7489,5646687226,,,,,,,-111.925416,33.4168118,,,
,7554,7121918955,,,,,,,-111.9262941,33.4142863,,,
,7578,7121950852,,,,,,,-111.9271661,33.4167019,,,
,7606,10307913574,,,,,,,-111.9258666,33.4197037,,,
,7665,11919021100,,,,,,,-111.9235449,33.4100973,,,
,7709,3983456181,,,,,,,-111.9262896,33.4108454,,,
,7713,8444309314,,,signal,,,,-111.9253448,33.4194497,,,
,7714,8444309312,,,,,,,-111.9254093,33.4195129,,,
,7735,330683969;330683940,,,signal,,,,-111.9262886,33.4147612,,,
,7789,330683967;330683942,,,signal,,,,-111.9306634,33.414726,,,
,7806,330689192;330689685,,,signal,,,,-111.9224337,33.4167568,,,
,7857,330683970_1501648857_330683938;330689965,,,signal,,,,-111.9204036,33.41482,100,,
,7897,330691322_1501648953_2671959143_2300341851,,,signal,,,,-111.9263011,33.4202127,99,,
,7909,330683944_330683965,,,signal,,,,-111.9327995,33.4147052,15,,
,7913,10290628421_4716134186_10290628422,,,signal,,,,-111.9291617,33.414712,17,,
,7941,7241586266_5668170604_7241586275;7241586272,,,signal,,,,-111.9262811,33.409967,30,,
